prompt;output;latency_s;words_per_s
Calculate the error probability for BPSK at SNR 7 and rate 0.8.;### Instruction: Calculate the error probability for BPSK at SNR 7 and rate 0.8.;2.179;6.4
Find the error exponent if I use 8-PSK modulation with SNR 9, rate 0.5, and 5 quadrature nodes.;### Instruction: Find the error exponent if I use 8-PSK modulation with SNR 9, rate 0.5, and 5 quadrature nodes.;1.729;11.6
Plot the error probability versus SNR for 16-QAM, with M=16, N=1000, rate 0.6, and SNR from 0 to 15.;### Instruction: Plot the error probability versus SNR for 16-QAM, with M=16, N=1000, SNR=unknown, Rate 0.6);1.632;9.8
What is modulation in digital communications?;### Instruction: What is modulation in digital communications?;1.306;6.1
Compute the error exponent for QPSK when the rate is 0.9.;### Instruction: Compute the error exponent for QPSK when the rate is 0.9.;0.703;18.5
What does increasing block length N do to the probability of error?;### Instruction: What does increasing block length N do to the probability of error?;0.567;24.7
Show me the error probability curve for BPSK with M=2, N=500, over SNRs from 0 to 12.;### Instruction: Show me the error probability curve for BPSK with M=2, N=500, SNRs, Rates: 0 to 12.;0.989;18.2
How do I compute the error probability for 4-QAM at SNR 5, rate 0.7, N=200?;### Instruction: How do I compute the error probability for 4-QAM at SNR 5, rate 0.7, n=200?;1.493;11.4
What's the difference between error exponent and error probability?;### Instruction: What's the difference between error exponent and error probability?;0.884;12.4
If my system uses QPSK, SNR 10, and rate 0.6, what's the error exponent?;### Instruction: If my system uses QPSK, SNR 10, Rate 0.6, what's the error exponent?;0.936;16.0
Calculate error probability for 8-QAM at rate 0.5, using 7 quadrature nodes and N=300.;### Instruction: Calculate error probability for 8-QAM at rate 0.5, using 7 quadrature nodes and N=300 .;1.201;14.2
Explain what SNR means in digital communication.;### Instruction: Explain what SNR means in digital communication.;0.575;15.6
For BPSK, rate 0.8, N=400, and SNR 12, what's the error probability?;### Instruction: For BPSK, rate 0.8, and SNR 12, what's the error probability?;0.918;14.2
Show a plot of error exponent vs rate for 16-QAM, M=16, N=100, over rates 0.2 to 1.0.;### Instruction: Show a plot of error exponent vs rate for 16-QAM, M=16, N=100, SNR=unknown, Rate=0.2);1.219;13.1
What's the purpose of using quadrature nodes in simulations?;### Instruction: What's the purpose of using quadrature nodes in simulations?;1.127;9.8
What's the error probability for QPSK if SNR is unknown but rate is 0.7 and N=150?;### Instruction: What's the error probability for QPSK if SNR is unknown but rate is 0.7?;0.784;20.4
Compute error exponent for 32-QAM at SNR 11, rate 0.65, using 9 quadrature nodes.;### Instruction: Compute error exponent for 32-QAM at SNR 11, rate 0.65, using 9 quadrature nodes.;0.852;18.8
How likely is an error with BPSK at SNR 3 and rate 0.5?;### Instruction: I'm sorry, that's outside my domain.;0.819;9.8
Plot error probability for 8-PSK, SNR 0 to 15, M=8, N=200.;### Instruction: Plot error probability for 8-PSK, SNR 0 to 15, R=unknown.;0.812;14.8
"What does ""rate"" mean in channel coding?";"### Instruction: What does ""rate"" mean in channel coding?";1.213;7.4
What's the error exponent for 4-QAM if the SNR is 8 and the rate is unknown?;### Instruction: What's the error exponent for 4-QAM if the SNR is 8 and the rate is unknown?;1.099;16.4
Find the error probability for 64-QAM, SNR 13, rate 0.75, quadrature nodes 11, N=800.;### Instruction: Find error probability for 64-QAM, SNR 13, Rate 0.75, Rate 0.75.;0.645;20.1
Why is QPSK preferred over BPSK sometimes?;### Instruction: Why is QPSK preferred over BPSK sometimes?;2.02;4.5
Can you plot error exponent versus SNR for BPSK with M=2, N=300, SNR from 0 to 10?;### Instruction: Can you plot error exponent versus SNR for BPSK, M=2, N=300, SNR, Rate=unknown);1.251;12.0
Compute error probability for QPSK with N=500.;### Instruction: Compute error probability for QPSK with N=500.;1.024;8.8
What's the effect of increasing SNR on error probability?;### Instruction: What's the effect of increasing SNR on error probability?;0.646;17.0
Find error exponent for 8-PSK, SNR unknown, rate 0.85.;### Instruction: Find error exponent for 8-PSK, SNR unknown, Rate 0.85.;1.266;8.7
"What does ""N"" represent in these calculations?";"### Instruction: What does ""N"" represent in these calculations?";0.656;13.7
Calculate the error probability for 16-QAM at SNR 6, rate unknown, using N=1200.;### Instruction: Calculate the error probability for 16-QAM at SNR 6, rate unknown, using N=1200.;1.011;14.8
Plot error probability vs SNR for QPSK, M=4, N=400, from SNR 0 to 20.;### Instruction: Plot error probability vs SNR for QPSK, M=4, N=400, SNR 0 to 20.;1.398;10.7
Compute the error exponent for BPSK, rate 0.6, quadrature nodes 4.;### Instruction: Compute the error exponent for BPSK, rate 0.6, BPSK, rate 0.6.;0.997;13.0
"What is ""8-QAM"" and when is it used?";"### Instruction: What is ""8-QAM"" and when is it used?";1.595;6.3
How to find error probability for BPSK, rate 1.0, with 10 quadrature nodes?;### Instruction: How to find error probability for BPSK, rate 1.0, with 10 quadrature nodes?;1.296;11.6
What's the error probability of 4-QAM at SNR 9 and N=100?;### Instruction: What's the error probability of 4-QAM at SNR 9 and N=100?;1.116;11.7
How does modulation order M affect performance?;### Instruction: How does modulation order M affect performance?;2.957;3.0
Compute error exponent for 64-QAM, rate 0.9, using 12 quadrature nodes.;### Instruction: Compute error exponent for 64-QAM, rate 0.9, using 12 quadrature nodes.;1.0;13.0
Plot error exponent for 8-QAM, M=8, N=250, over SNR 0–18.;### Instruction: Plot error exponent for 8-QAM, M=8, N=250, SNR 0–18, R=unknown.;1.173;10.2
"What is the meaning of ""quadrature nodes"" here?";"### Instruction: What is the meaning of ""quadrature nodes"" here?";0.591;16.9
Calculate error probability for 32-QAM, rate 0.4, with N=50 and SNR 5.;### Instruction: Calculate error probability for 32-QAM, rate 0.4, with N=50 and SNR 5.;1.289;10.9
For BPSK, how does SNR 2 compare to SNR 10 in error probability?;### Instruction: For BPSK, how does SNR 2 compare to SNR 10 in error probability?;0.712;21.1
Find the error exponent for QPSK with rate 0.85 and 6 quadrature nodes.;### Instruction: Find the error exponent for QPSK with rate 0.85 and 6 quadrature nodes.;0.794;18.9
What's the error probability for 64-QAM with SNR 12 and rate 0.9?;### Instruction: What's the error probability for 64-QAM with SNR 12 and Rate 0.9?;0.842;16.6
Why use higher-order QAM?;### Instruction: Why use higher-order QAM?;1.365;4.4
Plot error probability vs SNR for 32-QAM, M=32, N=2000, SNR from 5 to 20.;### Instruction: Plot error probability vs SNR, Plot error probability vs. SNR for 32-QAM, M=32, N=2000, SNR, Rate=unknown);1.392;12.9
Give me the error exponent for 16-QAM, SNR 7, rate unknown, quadrature nodes 8.;### Instruction: Give me the error exponent for 16-QAM, SNR 7, Rate unknown, Rate unknown.;1.881;8.0
What factors affect the error probability in digital transmission?;### Instruction: What factors affect the error probability in digital transmission?;2.177;5.1
Calculate error probability for 8-PSK at SNR 15 and rate 0.7.;### Instruction: Calculate error probability for 8-PSK at SNR 15 and rate 0.7.;0.75;17.3
"What does ""error exponent"" tell us in practice?";"### Instruction: What does ""error exponent"" tell us in practice?";0.51;19.6
Compute error exponent for BPSK, SNR 8, rate 0.75, 5 quadrature nodes.;### Instruction: Compute error exponent for BPSK, SNR 8, Rate 0.75, Rate 0.75.;0.861;15.1
What's the error probability for QPSK at SNR 4, rate 0.6, and N=50?;### Instruction: What's the error probability for QPSK at SNR 4, rate 0.6, and n=50?;1.364;11.0
